<?xml version="1.0" encoding="UTF-8" standalone="yes"?>
<addon id="plugin.program.Geoffs_wizard3" name="Geoffs_wizard3" version="1.0.1" provider-name="Geoffs_wizard3">
  <requires>
    <import addon="xbmc.python" version="2.1.0"/>
  </requires>
  <extension point="xbmc.python.pluginsource" library="default.py">
        <provides>program executable</provides>
  </extension>
  <extension point="xbmc.addon.metadata">
		<summary lang="en">Geoffs_wizard3</summary>
		<description lang="en">Easy Install of SkymashiTV Builds and Addons</description>
		<disclaimer lang="en">Note: we are not responsible or have any influence to the content and their availability from Kodi Add-ons</disclaimer>
		<platform>all</platform>
		<facebook>https://www.facebook.com/groups/SkymashiTV/</facebook>
		<website>http://skymashi.eu</website>
	</extension>
</addon>
